{
    "$type":"MapData, Assembly-CSharp",
    "Name":"1",
    "Author":"1",
    "Version":"1",
    "Blocks":{
        "$type":"System.Collections.Generic.List`1[[BlockInfo, Assembly-CSharp]], mscorlib",
        "$values":[{
            "$type":"TriggerBlockInfo, Assembly-CSharp",
            "State":false,
            "Links":{
                "$type":"System.Collections.Generic.List`1[[BlockInfo, Assembly-CSharp]], mscorlib",
                "$values":[
                    {
                        "$type":"BlockInfo, Assembly-CSharp",
                        "IdBlock":2,
                        "posX":2.0,
                        "posY":0.0,
                        "posZ":-2.0,
                        "rotX":0.0,
                        "rotY":0.0,
                        "rotZ":0.0,
                        "rotW":1.0
                    },
                    {
                        "$type":"BlockInfo, Assembly-CSharp",
                        "IdBlock":2,
                        "posX":8.0,
                        "posY":0.0,
                        "posZ":-2.0,
                        "rotX":0.0,
                        "rotY":0.0,
                        "rotZ":0.0,
                        "rotW":1.0
                    }
                ]
            },
            "IdBlock":26,
            "posX":5.0,
            "posY":0.0,
            "posZ":-2.0,
            "rotX":0.0,
            "rotY":0.7071068,
            "rotZ":0.0,
            "rotW":0.7071068
        },
        {
            "$type":"BlockInfo, Assembly-CSharp",
            "IdBlock":2,
            "posX":5.0,
            "posY":0.0,
            "posZ":-5.0,
            "rotX":0.0,
            "rotY":0.0,
            "rotZ":0.0,
            "rotW":1.0
        },
        {
            "$type":"BlockInfo, Assembly-CSharp",
            "IdBlock":2,
            "posX":5.0,
            "posY":0.0,
            "posZ":1.0,
            "rotX":0.0,
            "rotY":0.0,
            "rotZ":0.0,
            "rotW":1.0
        }]
    },
    "ColorR":1.0,
    "ColorG":1.0,
    "ColorB":1.0
}